{
    "method_name": "jaccard", 
    "threshold": 0.1, 
    "graph_path": "facebook_large_combined.txt", 
    "specificity": 0.9998123766558904, 
    "total_explored": 2030788315, 
    "sensitivity": 0.3420208436603083, 
    "precision": 0.423197786504279, 
    "false_positive_rate": 0.00018762334410957774
}