{
    "method_name": "jaccard", 
    "threshold": 0.4, 
    "graph_path": "facebook_large_combined.txt", 
    "specificity": 0.999996755126506, 
    "total_explored": 2030788315, 
    "sensitivity": 0.006939727184269951, 
    "precision": 0.46259280411193604, 
    "false_positive_rate": 3.244873493973767e-06
}