{
    "method_name": "common_neighbors", 
    "threshold": 35.0, 
    "graph_path": "facebook_large_combined.txt", 
    "specificity": 0.9999887362938455, 
    "total_explored": 2030788315, 
    "sensitivity": 0.0915101556236881, 
    "precision": 0.7658042445099967, 
    "false_positive_rate": 1.1263706154502836e-05
}