{
    "method_name": "common_neighbors", 
    "threshold": 55.0, 
    "graph_path": "facebook_large_combined.txt", 
    "specificity": 0.9999987590957444, 
    "total_explored": 2030788315, 
    "sensitivity": 0.025085828636472123, 
    "precision": 0.8905496415381273, 
    "false_positive_rate": 1.2409042555518321e-06
}