{
    "method_name": "common_neighbors", 
    "threshold": 35.0, 
    "graph_path": "facebook_combined.txt", 
    "specificity": 0.9972463917777546, 
    "total_explored": 8154741, 
    "sensitivity": 0.541933948364576, 
    "precision": 0.682817118622285, 
    "false_positive_rate": 0.0027536082222453908
}