{
    "method_name": "common_neighbors", 
    "threshold": 6.0, 
    "graph_path": "facebook_combined.txt", 
    "specificity": 0.9836970326809361, 
    "total_explored": 8154741, 
    "sensitivity": 0.9315569961692771, 
    "precision": 0.38462258367921837, 
    "false_positive_rate": 0.016302967319063878
}