{
    "method_name": "common_neighbors", 
    "threshold": 50.0, 
    "graph_path": "facebook_combined.txt", 
    "specificity": 0.9984633993375324, 
    "total_explored": 8154741, 
    "sensitivity": 0.4219688555432146, 
    "precision": 0.7502367662764221, 
    "false_positive_rate": 0.001536600662467658
}