{
    "method_name": "pref_attachment", 
    "threshold": 85.0, 
    "graph_path": "facebook_combined.txt", 
    "specificity": 0.13569268581803748, 
    "total_explored": 8154741, 
    "sensitivity": 0.9883378289548247, 
    "precision": 0.012353477318644493, 
    "false_positive_rate": 0.8643073141819625
}