{
    "method_name": "pref_attachment", 
    "threshold": 40.0, 
    "graph_path": "facebook_combined.txt", 
    "specificity": 0.06451342569962439, 
    "total_explored": 8154741, 
    "sensitivity": 0.996418614139674, 
    "precision": 0.011516595369652216, 
    "false_positive_rate": 0.9354865743003756
}