{
    "method_name": "pref_attachment", 
    "threshold": 6.0, 
    "graph_path": "facebook_combined.txt", 
    "specificity": 0.004493270755235197, 
    "total_explored": 8154741, 
    "sensitivity": 0.999909332003536, 
    "precision": 0.010867294501143562, 
    "false_positive_rate": 0.9955067292447648
}